,design,predictor,sample_type,sample_size,train_size,folds,dim,lambd,mean_precision,mean_recall,mean_fscore,mean_auprc,mean_size_err,median_precision,median_recall,median_fscore,median_auprc,median_size_err
0,ethernet,date,solver,0.1,,1E+12,,,0.849258667,0.325371605,0.43525809,0.807104379,0.61742815,1,0.283783784,0.442105263,0.936266975,0.669398907
1,ethernet,naive,solver,0.1,,1E+12,,,0.49528347,0.415472065,0.391881658,0.556562896,1.237444948,0.360655738,0.372881356,0.366666667,0.528653092,0.476045296
2,ethernet,random,solver,0.1,,1E+12,,,0.210724044,0.172173375,0.15868603,0.236896788,1.237444948,0.165300546,0.166666667,0.165289256,0.208519678,0.476045296
3,ethernet,suspect2vec,solver,0.1,,1E+12,,,0.859490296,0.619541993,0.685808864,0.839079524,0.51380495,0.977525253,0.584314381,0.696428571,0.942342713,0.322404372
4,fdct,date,solver,0.1,,1E+12,,,0.994471154,0.3901688,0.547779275,0.837588089,0.60776155,1,0.368042672,0.538042131,0.850359208,0.631957328
5,fdct,naive,solver,0.1,,1E+12,,,0.714386471,0.644515389,0.61221216,0.797074691,0.606477958,0.779637897,0.7015625,0.53164557,0.826595053,0.488372093
6,fdct,random,solver,0.1,,1E+12,,,0.217331659,0.173779209,0.173101247,0.237522607,0.606477958,0.181051587,0.173508484,0.181693238,0.228004441,0.488372093
7,fdct,suspect2vec,solver,0.1,,1E+12,,,0.939370906,0.53821804,0.663500032,0.792584491,0.439323018,0.987235772,0.478981349,0.629989912,0.792526787,0.492757475
8,mips789,date,solver,0.1,,1E+12,,,0.957534462,0.255844499,0.396669943,0.821747424,0.726747248,1,0.24025974,0.379146919,0.862066276,0.752941176
9,mips789,naive,solver,0.1,,1E+12,,,0.620966463,0.565530384,0.544229314,0.689585093,0.761410877,0.64640884,0.582733813,0.586021505,0.724619026,0.384353741
10,mips789,random,solver,0.1,,1E+12,,,0.263751105,0.221947626,0.219602324,0.307611377,0.761410877,0.240641711,0.221311475,0.233062331,0.282702684,0.384353741
11,mips789,suspect2vec,solver,0.1,,1E+12,,,0.912268739,0.393141212,0.529831997,0.766342403,0.569809795,0.974025974,0.36,0.522522523,0.802545545,0.608888889
12,sudoku_check,date,solver,0.1,,1E+12,,,0.86718056,0.477252592,0.567445649,0.84580285,0.53031584,1,0.387096774,0.512195122,0.963068528,0.54
13,sudoku_check,naive,solver,0.1,,1E+12,,,0.548893055,0.493523503,0.458566574,0.596128441,0.72427703,0.558139535,0.5,0.527272727,0.658477662,0.713333333
14,sudoku_check,random,solver,0.1,,1E+12,,,0.203168455,0.150998465,0.144393558,0.207760519,0.72427703,0.159090909,0.142857143,0.14893617,0.187984094,0.713333333
15,sudoku_check,suspect2vec,solver,0.1,,1E+12,,,0.777922978,0.444296169,0.526568087,0.747458275,0.48669414,0.823529412,0.451612903,0.536585366,0.824304516,0.529411765
16,vga,date,solver,0.1,,1E+12,,,0.863755926,0.2932728,0.422188752,0.719792415,0.626913891,1,0.26875,0.409514399,0.791173677,0.686023127
17,vga,naive,solver,0.1,,1E+12,,,0.511622992,0.433804039,0.406531538,0.554366126,0.901470202,0.494444444,0.427638454,0.37422002,0.594493491,0.568965517
18,vga,random,solver,0.1,,1E+12,,,0.24176059,0.173321178,0.171864251,0.253709637,0.901470202,0.193406593,0.170120159,0.176058984,0.224468581,0.568965517
19,vga,suspect2vec,solver,0.1,,1E+12,,,0.809358335,0.470554584,0.549105982,0.70294062,0.499076569,0.87474645,0.427055703,0.537213096,0.705374171,0.494791667
20,wb_dma,date,solver,0.1,,1E+12,,,0.866655015,0.250065773,0.369325964,0.708699179,0.664231435,1,0.226804124,0.364261168,0.744441179,0.765027322
21,wb_dma,naive,solver,0.1,,1E+12,,,0.584602898,0.554171491,0.484792592,0.644033114,1.395466333,0.664921466,0.591836735,0.438162544,0.694487649,0.682051282
22,wb_dma,random,solver,0.1,,1E+12,,,0.26265239,0.20847853,0.190864832,0.29718399,1.395466333,0.225806452,0.211055276,0.218181818,0.252085383,0.682051282
23,wb_dma,suspect2vec,solver,0.1,,1E+12,,,0.827178564,0.415978361,0.510422589,0.671142897,0.58401766,0.929623568,0.424657534,0.54180602,0.708817122,0.571428571
24,ethernet,date,solver,0.2,,1E+12,,,0.885097242,0.486078973,0.585715373,0.884747944,0.530487991,1,0.412762763,0.581584717,0.958405176,0.588964992
25,ethernet,naive,solver,0.2,,1E+12,,,0.530071721,0.450281525,0.423021699,0.607905236,1.237444948,0.409836066,0.423728814,0.412335412,0.578415487,0.476045296
26,ethernet,random,solver,0.2,,1E+12,,,0.310795765,0.250689353,0.2333925,0.332133598,1.237444948,0.256147541,0.244444444,0.258444619,0.315440027,0.476045296
27,ethernet,suspect2vec,solver,0.2,,1E+12,,,0.91891391,0.767469669,0.81055143,0.913784552,0.428310428,0.985410577,0.79345522,0.862533693,0.977795694,0.206820101
28,fdct,date,solver,0.2,,1E+12,,,0.963784263,0.592473982,0.721114223,0.861943597,0.390086434,1,0.614152824,0.739620939,0.908829132,0.348837209
29,fdct,naive,solver,0.2,,1E+12,,,0.719788566,0.65187498,0.61815811,0.81380093,0.606477958,0.801587302,0.7015625,0.53164557,0.858550094,0.488372093
30,fdct,random,solver,0.2,,1E+12,,,0.327535962,0.252447754,0.255394173,0.330838577,0.606477958,0.283482143,0.240689655,0.268993403,0.329882307,0.488372093
31,fdct,suspect2vec,solver,0.2,,1E+12,,,0.925013764,0.720423572,0.788537058,0.866793744,0.281263105,0.990291262,0.689876881,0.743474446,0.922764322,0.245959596
32,mips789,date,solver,0.2,,1E+12,,,0.945215326,0.399169486,0.553434092,0.835996641,0.577589893,0.994382022,0.386363636,0.547692308,0.862904229,0.592783505
33,mips789,naive,solver,0.2,,1E+12,,,0.632859554,0.579950463,0.555725792,0.719169083,0.761410877,0.662983425,0.591623037,0.607526882,0.735925146,0.384353741
34,mips789,random,solver,0.2,,1E+12,,,0.346230061,0.294533417,0.289465528,0.401807126,0.761410877,0.298342541,0.294326241,0.305084746,0.381689912,0.384353741
35,mips789,suspect2vec,solver,0.2,,1E+12,,,0.896015463,0.534886849,0.645738384,0.820009005,0.452661151,0.955357143,0.525773196,0.648464164,0.845489159,0.459854015
36,sudoku_check,date,solver,0.2,,1E+12,,,0.822286466,0.538956727,0.614398636,0.854824307,0.4307059,0.846153846,0.490196078,0.634146341,0.918633637,0.518518519
37,sudoku_check,naive,solver,0.2,,1E+12,,,0.575132634,0.52154839,0.48289272,0.635665702,0.72427703,0.581395349,0.515151515,0.555555556,0.658477662,0.713333333
38,sudoku_check,random,solver,0.2,,1E+12,,,0.300151183,0.23175287,0.221460145,0.305048131,0.72427703,0.255813953,0.227272727,0.217721519,0.28728836,0.713333333
39,sudoku_check,suspect2vec,solver,0.2,,1E+12,,,0.861316657,0.653723889,0.716023711,0.851408519,0.290739087,0.925531915,0.626865672,0.717948718,0.907407687,0.258064516
40,vga,date,solver,0.2,,1E+12,,,0.881994079,0.450440397,0.579756477,0.778754322,0.468091137,0.986740429,0.43688185,0.590859199,0.796170316,0.5503663
41,vga,naive,solver,0.2,,1E+12,,,0.555327792,0.468839097,0.439944616,0.603427292,0.901470202,0.535714286,0.443229167,0.425030108,0.653266595,0.568965517
42,vga,random,solver,0.2,,1E+12,,,0.344721518,0.253078069,0.247876218,0.353750638,0.901470202,0.266666667,0.25,0.257506606,0.31884917,0.568965517
43,vga,suspect2vec,solver,0.2,,1E+12,,,0.801381373,0.5998052,0.643885157,0.780167343,0.424727943,0.883962475,0.561755497,0.638053428,0.795221341,0.4212299
44,wb_dma,date,solver,0.2,,1E+12,,,0.851063652,0.418750135,0.547844959,0.754984025,0.495434835,0.994475138,0.401523395,0.565217391,0.811420878,0.533613445
45,wb_dma,naive,solver,0.2,,1E+12,,,0.611450604,0.581166529,0.506380596,0.686836231,1.395466333,0.691099476,0.603921569,0.483116883,0.746162691,0.682051282
46,wb_dma,random,solver,0.2,,1E+12,,,0.34380185,0.273544513,0.249542524,0.387483078,1.395466333,0.282722513,0.27340824,0.284444444,0.357131913,0.682051282
47,wb_dma,suspect2vec,solver,0.2,,1E+12,,,0.803054292,0.639392109,0.67466479,0.793122886,0.572014766,0.9,0.628865979,0.687299893,0.801839172,0.272727273
48,ethernet,date,solver,0.3,,1E+12,,,0.876257967,0.61087,0.685143592,0.915211668,0.423329209,1,0.543858744,0.678571429,0.969844,0.469197281
49,ethernet,naive,solver,0.3,,1E+12,,,0.568729508,0.497778076,0.461666861,0.664679939,1.237444948,0.491803279,0.462142857,0.455581761,0.644086982,0.476045296
50,ethernet,random,solver,0.3,,1E+12,,,0.403118169,0.339338054,0.310343881,0.428276711,1.237444948,0.35,0.333333333,0.336361688,0.403353914,0.476045296
51,ethernet,suspect2vec,solver,0.3,,1E+12,,,0.920810685,0.826464043,0.853615515,0.933937752,0.358795014,0.981155276,0.867295597,0.883866134,0.987545434,0.114149306
52,fdct,date,solver,0.3,,1E+12,,,0.961624806,0.720842783,0.815166083,0.888852239,0.271650432,1,0.701913876,0.794463668,0.908981366,0.278423773
53,fdct,naive,solver,0.3,,1E+12,,,0.73063151,0.66240187,0.627995518,0.836249822,0.606477958,0.810887897,0.704651163,0.53164557,0.876161494,0.488372093
54,fdct,random,solver,0.3,,1E+12,,,0.44811818,0.340573481,0.347427527,0.430310146,0.606477958,0.362227183,0.335271318,0.368094232,0.432367348,0.488372093
55,fdct,suspect2vec,solver,0.3,,1E+12,,,0.943371308,0.778047538,0.838689316,0.895636524,0.219843867,0.990063945,0.841141141,0.851401554,0.949944519,0.170801034
56,mips789,date,solver,0.3,,1E+12,,,0.93030029,0.506054896,0.647677877,0.853471378,0.454506366,0.983193277,0.510067114,0.646258503,0.881508256,0.466666667
57,mips789,naive,solver,0.3,,1E+12,,,0.650720661,0.598048002,0.572338709,0.749701209,0.761410877,0.673796791,0.626666667,0.616246499,0.765850623,0.384353741
58,mips789,random,solver,0.3,,1E+12,,,0.436067235,0.371755192,0.365405134,0.492687089,0.761410877,0.386740331,0.370106762,0.382513661,0.4767057,0.384353741
59,mips789,suspect2vec,solver,0.3,,1E+12,,,0.87572981,0.62777927,0.70821689,0.856566213,0.387190166,0.943396226,0.625641026,0.715231788,0.876629299,0.323863636
60,sudoku_check,date,solver,0.3,,1E+12,,,0.827265524,0.674918553,0.717273973,0.877561245,0.304844477,0.904761905,0.626865672,0.76,0.966895309,0.31147541
61,sudoku_check,naive,solver,0.3,,1E+12,,,0.602995732,0.548372443,0.507350195,0.677510993,0.72427703,0.604651163,0.554054054,0.555555556,0.687627482,0.713333333
62,sudoku_check,random,solver,0.3,,1E+12,,,0.39552914,0.324911732,0.307800472,0.404303786,0.72427703,0.395348837,0.328125,0.296296296,0.39506448,0.713333333
63,sudoku_check,suspect2vec,solver,0.3,,1E+12,,,0.908580773,0.704803598,0.769661989,0.88286123,0.297632282,0.956521739,0.714285714,0.80952381,0.970560071,0.269230769
64,vga,date,solver,0.3,,1E+12,,,0.877381234,0.571680328,0.672577439,0.826873676,0.368424637,0.967607106,0.550302969,0.678515503,0.851740656,0.42032967
65,vga,naive,solver,0.3,,1E+12,,,0.589187095,0.503291941,0.470175846,0.654619748,0.901470202,0.618803419,0.466091954,0.450163399,0.687123918,0.568965517
66,vga,random,solver,0.3,,1E+12,,,0.432513854,0.325621089,0.317576019,0.442541037,0.901470202,0.331440781,0.324471831,0.327158376,0.409697885,0.568965517
67,vga,suspect2vec,solver,0.3,,1E+12,,,0.813296022,0.716802087,0.732652556,0.84032712,0.352202455,0.86851157,0.75,0.740671642,0.866855274,0.276363636
68,wb_dma,date,solver,0.3,,1E+12,,,0.853818948,0.551509245,0.659630731,0.800911277,0.363321428,0.940397351,0.545454545,0.68,0.847550451,0.398058252
69,wb_dma,naive,solver,0.3,,1E+12,,,0.629885548,0.606657942,0.523994495,0.730914531,1.395466333,0.706806283,0.650980392,0.509031199,0.776089488,0.682051282
70,wb_dma,random,solver,0.3,,1E+12,,,0.432019844,0.353371366,0.321403996,0.478277284,1.395466333,0.38172043,0.363636364,0.368831169,0.449463106,0.682051282
71,wb_dma,suspect2vec,solver,0.3,,1E+12,,,0.785802069,0.728800315,0.72841878,0.840986297,0.487248129,0.884615385,0.690721649,0.748344371,0.84383715,0.197247706
72,ethernet,date,solver,0.4,,1E+12,,,0.873198491,0.739815801,0.77343531,0.936100259,0.345982098,0.991326531,0.73869969,0.753426867,0.98651942,0.34435337
73,ethernet,naive,solver,0.4,,1E+12,,,0.597254098,0.536629617,0.491035096,0.714292783,1.237444948,0.508196721,0.512295082,0.5,0.682251673,0.476045296
74,ethernet,random,solver,0.4,,1E+12,,,0.478114754,0.427496385,0.380704092,0.521518049,1.237444948,0.45,0.430501931,0.416666667,0.505183293,0.476045296
75,ethernet,suspect2vec,solver,0.4,,1E+12,,,0.929074715,0.883982495,0.892843974,0.959315906,0.322542778,0.984057419,0.924326059,0.92214012,0.996247805,0.079473684
76,fdct,date,solver,0.4,,1E+12,,,0.930411775,0.793748365,0.85022024,0.911419007,0.179013444,0.971618357,0.796080508,0.854983571,0.927832257,0.162899263
77,fdct,naive,solver,0.4,,1E+12,,,0.74438089,0.679248512,0.642595087,0.862136102,0.606477958,0.828125,0.713474692,0.537379457,0.894458046,0.488372093
78,fdct,random,solver,0.4,,1E+12,,,0.538837736,0.426179204,0.426981065,0.522333099,0.606477958,0.464657738,0.434313725,0.464566929,0.526687056,0.488372093
79,fdct,suspect2vec,solver,0.4,,1E+12,,,0.960955897,0.834434024,0.883547497,0.923137453,0.16370636,1,0.872410148,0.909259259,0.96177779,0.104494029
80,mips789,date,solver,0.4,,1E+12,,,0.908136995,0.624091971,0.731974247,0.876871103,0.317860999,0.949152542,0.619354839,0.733727811,0.900696847,0.348484848
81,mips789,naive,solver,0.4,,1E+12,,,0.673096705,0.621913762,0.593232229,0.782714659,0.761410877,0.718232044,0.658823529,0.633608815,0.799256975,0.384353741
82,mips789,random,solver,0.4,,1E+12,,,0.513959602,0.444056946,0.43396893,0.572508525,0.761410877,0.464864865,0.448979592,0.459016393,0.561387028,0.384353741
83,mips789,suspect2vec,solver,0.4,,1E+12,,,0.879030891,0.715884261,0.771867178,0.895633682,0.340043796,0.928571429,0.723684211,0.79020979,0.920399273,0.218934911
84,sudoku_check,date,solver,0.4,,1E+12,,,0.810884334,0.780067728,0.774401575,0.9021765,0.252868188,0.873417722,0.770491803,0.803571429,0.974545455,0.215686275
85,sudoku_check,naive,solver,0.4,,1E+12,,,0.624695839,0.574646706,0.529379921,0.724165272,0.72427703,0.697674419,0.583333333,0.555555556,0.743872738,0.713333333
86,sudoku_check,random,solver,0.4,,1E+12,,,0.469682077,0.405725541,0.379590504,0.491924688,0.72427703,0.454545455,0.417910448,0.344827586,0.476973269,0.713333333
87,sudoku_check,suspect2vec,solver,0.4,,1E+12,,,0.93266996,0.801543396,0.844791407,0.915332889,0.19806309,0.981818182,0.901960784,0.901960784,0.983167361,0.131147541
88,vga,date,solver,0.4,,1E+12,,,0.854117635,0.677723451,0.735587424,0.86147775,0.306784313,0.919846317,0.631900301,0.723663378,0.883381137,0.333333333
89,vga,naive,solver,0.4,,1E+12,,,0.623865878,0.542043931,0.503106026,0.705117191,0.901470202,0.651953602,0.537346711,0.518360949,0.744611501,0.568965517
90,vga,random,solver,0.4,,1E+12,,,0.517030619,0.411070326,0.393812212,0.540111172,0.901470202,0.447619048,0.424539513,0.404044985,0.527071286,0.568965517
91,vga,suspect2vec,solver,0.4,,1E+12,,,0.833939276,0.776218769,0.781857977,0.883754781,0.31607705,0.937183349,0.781929348,0.802061856,0.908388806,0.226041667
92,wb_dma,date,solver,0.4,,1E+12,,,0.838672882,0.66079233,0.731441714,0.834327638,0.242638726,0.903614458,0.636363636,0.752011704,0.871679766,0.217228464
93,wb_dma,naive,solver,0.4,,1E+12,,,0.650762184,0.635395098,0.544823609,0.772201593,1.395466333,0.738219895,0.690196078,0.543624161,0.814435322,0.682051282
94,wb_dma,random,solver,0.4,,1E+12,,,0.489826366,0.424419345,0.376452106,0.56306,1.395466333,0.45212766,0.45,0.435967302,0.538823611,0.682051282
95,wb_dma,suspect2vec,solver,0.4,,1E+12,,,0.784298058,0.80407289,0.770965645,0.874759332,0.601065509,0.862433862,0.813636364,0.788819876,0.898853725,0.093904448
96,ethernet,random,solver,0.5,,2,,,0.528971991,0.50614502,0.438565938,0.621010251,1.31259092,0.5,0.520273973,0.48520582,0.603059616,0.536284316
97,fdct,random,solver,0.5,,2,,,0.591998106,0.514006002,0.486089296,0.647771272,0.743506113,0.577380952,0.545478036,0.47826087,0.653933399,0.527272727
98,mips789,random,solver,0.5,,2,,,0.597064977,0.524623259,0.511017019,0.669255461,0.753671603,0.554913295,0.540983607,0.537634409,0.664160977,0.358552632
99,sudoku_check,random,solver,0.5,,2,,,0.526152584,0.492497982,0.454256397,0.597427877,0.650206868,0.565217391,0.52,0.419753086,0.586268269,0.693333333
100,vga,random,solver,0.5,,2,,,0.58144425,0.475536965,0.452503714,0.621255045,0.880683552,0.545454545,0.513167013,0.46730605,0.5990452,0.529454023
101,wb_dma,random,solver,0.5,,2,,,0.542846736,0.489262584,0.429788083,0.650271407,1.377734507,0.512562814,0.527272727,0.455470738,0.627678097,0.672897196
102,ethernet,random,solver,0.5,,3,,,0.544935109,0.499510613,0.444308097,0.614837635,1.221201143,0.541666667,0.514332514,0.485454545,0.592996875,0.464285714
103,fdct,random,solver,0.5,,3,,,0.592438424,0.497311215,0.483568816,0.627640905,0.646832706,0.587719298,0.531372549,0.49137931,0.630903245,0.57592775
104,mips789,random,solver,0.5,,3,,,0.597775197,0.522937623,0.510435623,0.66175732,0.755512437,0.575418994,0.538461538,0.536731634,0.651739,0.374100719
105,sudoku_check,random,solver,0.5,,3,,,0.563448021,0.489244547,0.465573716,0.590808297,0.646009361,0.509803922,0.508196721,0.440677966,0.58332663,0.5
106,vga,random,solver,0.5,,3,,,0.56563183,0.490158351,0.444957358,0.623605863,1.033808592,0.469204782,0.519731801,0.444022644,0.59465045,0.601060192
107,wb_dma,random,solver,0.5,,3,,,0.544751362,0.489346697,0.432258929,0.645381021,1.372279783,0.548387097,0.53030303,0.472955975,0.631317682,0.678632479
108,ethernet,random,solver,0.5,,5,,,0.531611167,0.497842926,0.436832262,0.609153996,1.260162286,0.525423729,0.520547945,0.478938053,0.594229002,0.580907465
109,fdct,random,solver,0.5,,5,,,0.582504291,0.493374512,0.473741251,0.614994499,0.699591719,0.541846419,0.52,0.483043741,0.610177714,0.568571429
110,mips789,random,solver,0.5,,5,,,0.593069534,0.520718026,0.508079142,0.658009487,0.753272055,0.564971751,0.533333333,0.534482759,0.64810648,0.361538462
111,sudoku_check,random,solver,0.5,,5,,,0.534393531,0.488702252,0.452745947,0.586262006,0.655968114,0.52,0.517241379,0.451612903,0.582428361,0.612903226
112,vga,random,solver,0.5,,5,,,0.580266114,0.479155026,0.452069626,0.618894152,0.913967509,0.494897959,0.514928699,0.471980508,0.596102263,0.563825482
113,wb_dma,random,solver,0.5,,5,,,0.544360181,0.489543441,0.429543867,0.642383268,1.3907246,0.53968254,0.527272727,0.443141852,0.632018138,0.676369863
114,ethernet,random,solver,0.5,,10,,,0.53875688,0.500600209,0.439452127,0.605661299,1.281812331,0.525,0.525006946,0.473895582,0.593654477,0.554477202
115,fdct,random,solver,0.5,,10,,,0.583582385,0.485729179,0.471574722,0.607133597,0.682329836,0.525692763,0.515707237,0.486078408,0.605671829,0.560278001
116,mips789,random,solver,0.5,,10,,,0.590061844,0.519872033,0.505455667,0.653340028,0.771996404,0.525773196,0.536585366,0.532033426,0.644991543,0.379790941
117,sudoku_check,random,solver,0.5,,10,,,0.557587496,0.486030919,0.459662531,0.582667707,0.686211466,0.56,0.507462687,0.428571429,0.574057987,0.653846154
118,vga,random,solver,0.5,,10,,,0.583042326,0.480061247,0.447416092,0.619319917,0.953740094,0.498037677,0.516862448,0.455330757,0.599939569,0.578493648
119,wb_dma,random,solver,0.5,,10,,,0.543684043,0.491927971,0.42927557,0.64144508,1.400473159,0.527638191,0.526315789,0.452214452,0.624990176,0.680395387
120,ethernet,date,solver,0.5,,1E+12,,,0.837227131,0.863071065,0.830166167,0.950519192,0.284012922,0.900525526,0.908658659,0.855323021,0.989941048,0.18968254
121,ethernet,naive,solver,0.5,,1E+12,,,0.625105874,0.582149061,0.521171788,0.764449102,1.237444948,0.573770492,0.555555556,0.541958042,0.723116801,0.476045296
122,ethernet,random,solver,0.5,,1E+12,,,0.54505123,0.49837368,0.443531147,0.607459073,1.237444948,0.566666667,0.513899614,0.471076339,0.595368086,0.476045296
123,ethernet,suspect2vec,solver,0.5,,1E+12,,,0.931094642,0.924062835,0.917875337,0.96551737,0.285996954,0.982434515,0.981491979,0.959443583,0.998085829,0.037301587
124,fdct,date,solver,0.5,,1E+12,,,0.86584032,0.866385213,0.860116915,0.930546723,0.131778541,0.894176932,0.8696875,0.863450613,0.954002008,0.105758583
125,fdct,naive,solver,0.5,,1E+12,,,0.754665799,0.695297892,0.654627738,0.886965177,0.606477958,0.8359375,0.718579627,0.572237459,0.904518621,0.488372093
126,fdct,random,solver,0.5,,1E+12,,,0.594982329,0.489727314,0.483529251,0.607029419,0.606477958,0.543154762,0.52,0.520005121,0.612775911,0.488372093
127,fdct,suspect2vec,solver,0.5,,1E+12,,,0.97261495,0.865970801,0.910521587,0.937710857,0.137003785,1,0.934522748,0.918008316,0.974303948,0.079603041
128,mips789,date,solver,0.5,,1E+12,,,0.902769674,0.728089737,0.800821143,0.906621339,0.2157228,0.948186528,0.718592965,0.816537468,0.927490281,0.209459459
129,mips789,naive,solver,0.5,,1E+12,,,0.703376185,0.653118699,0.621671788,0.820938553,0.761410877,0.759358289,0.695364238,0.681318681,0.833068275,0.384353741
130,mips789,random,solver,0.5,,1E+12,,,0.589432356,0.519379659,0.504079988,0.649631305,0.761410877,0.524324324,0.534482759,0.520775623,0.636992155,0.384353741
131,mips789,suspect2vec,solver,0.5,,1E+12,,,0.887119272,0.798984967,0.826673825,0.927754797,0.273212769,0.939393939,0.794117647,0.848484848,0.955445618,0.149855908
132,sudoku_check,date,solver,0.5,,1E+12,,,0.775817819,0.839139803,0.788368867,0.922041231,0.28794188,0.777777778,0.903225806,0.8,0.977289795,0.268656716
133,sudoku_check,naive,solver,0.5,,1E+12,,,0.649433563,0.610978407,0.557193364,0.773155253,0.72427703,0.76744186,0.621212121,0.583333333,0.786001126,0.713333333
134,sudoku_check,random,solver,0.5,,1E+12,,,0.544399457,0.481579133,0.450041216,0.578537448,0.72427703,0.604651163,0.507462687,0.415584416,0.572018287,0.713333333
135,sudoku_check,suspect2vec,solver,0.5,,1E+12,,,0.932282928,0.874345086,0.893285774,0.931308634,0.133550738,0.982758621,0.93442623,0.948275862,0.99171316,0.057971014
136,vga,date,solver,0.5,,1E+12,,,0.822275007,0.781208439,0.788017695,0.890089773,0.222826172,0.880442177,0.758766352,0.788652204,0.907557599,0.206090226
137,vga,naive,solver,0.5,,1E+12,,,0.658737203,0.584784495,0.538277586,0.757920991,0.901470202,0.681318681,0.589222535,0.546837544,0.779734056,0.568965517
138,vga,random,solver,0.5,,1E+12,,,0.578721706,0.48457712,0.454030221,0.619575926,0.901470202,0.53034188,0.516862448,0.458701182,0.595281724,0.568965517
139,vga,suspect2vec,solver,0.5,,1E+12,,,0.845564457,0.839979583,0.826787835,0.914258287,0.254555748,0.91302589,0.864468864,0.840826873,0.929779915,0.179984294
140,wb_dma,date,solver,0.5,,1E+12,,,0.830240879,0.737221123,0.771407542,0.867090909,0.212462595,0.877697842,0.715909091,0.799154334,0.890290671,0.168246445
141,wb_dma,naive,solver,0.5,,1E+12,,,0.671222323,0.664896618,0.566054866,0.811351368,1.395466333,0.780104712,0.729411765,0.568421053,0.854850179,0.682051282
142,wb_dma,random,solver,0.5,,1E+12,,,0.540504685,0.483634088,0.425608646,0.639924741,1.395466333,0.531914894,0.523364486,0.445820433,0.619245397,0.682051282
143,wb_dma,suspect2vec,solver,0.5,,1E+12,,,0.798645012,0.843619332,0.797017254,0.903372193,0.6179383,0.873015873,0.884160757,0.828402367,0.914747916,0.130653266
144,ethernet,date,solver,0.5,5,1E+12,,,0.870224714,0.565019808,0.676898825,0.746825162,0.346821643,0.951219512,0.542832835,0.683300149,0.746751357,0.393676278
145,ethernet,naive,solver,0.5,5,1E+12,,,0.611722387,0.575392997,0.484488043,0.725310025,1.403154305,0.660697154,0.577380952,0.498120301,0.723675547,0.707890475
146,ethernet,random,solver,0.5,5,1E+12,,,0.539765071,0.47494843,0.40996135,0.606483173,1.271577589,0.46049896,0.520273973,0.420526316,0.595998288,0.647126045
147,ethernet,suspect2vec,solver,0.5,5,1E+12,,,0.65074435,0.771459172,0.651883621,0.755450137,1.292755979,0.713075061,0.794097222,0.70020202,0.760398613,0.343550894
148,fdct,date,solver,0.5,5,1E+12,,,0.96337828,0.606223372,0.740652953,0.822340177,0.369259577,1,0.57728304,0.731988144,0.825208928,0.397674419
149,fdct,naive,solver,0.5,5,1E+12,,,0.720298736,0.694823635,0.607305491,0.854522299,0.771738665,0.797979798,0.800603935,0.562267698,0.862965738,0.685714286
150,fdct,random,solver,0.5,5,1E+12,,,0.597599774,0.475011268,0.461425639,0.615420506,0.715638246,0.529403794,0.511911514,0.481805665,0.595513473,0.478667446
151,fdct,suspect2vec,solver,0.5,5,1E+12,,,0.771766831,0.783507536,0.739070296,0.82312372,0.551607833,0.926214834,0.756420361,0.796870923,0.825452113,0.328571429
152,mips789,date,solver,0.5,5,1E+12,,,0.908440414,0.568471582,0.695838801,0.793879907,0.366592724,0.94,0.550898204,0.695852535,0.808678635,0.391304348
153,mips789,naive,solver,0.5,5,1E+12,,,0.664653606,0.642525624,0.586480675,0.78059732,0.818626787,0.707692308,0.648044693,0.630136986,0.786198189,0.45
154,mips789,random,solver,0.5,5,1E+12,,,0.572119823,0.523933674,0.496541961,0.65226297,0.809783633,0.544378698,0.534482759,0.522911051,0.638513993,0.403225806
155,mips789,suspect2vec,solver,0.5,5,1E+12,,,0.691398648,0.767888974,0.686477954,0.807008792,0.804348592,0.762048193,0.756097561,0.731958763,0.825139288,0.262820513
156,sudoku_check,date,solver,0.5,5,1E+12,,,0.884711655,0.603049817,0.709577219,0.777174716,0.318655906,0.939393939,0.565217391,0.70212766,0.724441953,0.327868852
157,sudoku_check,naive,solver,0.5,5,1E+12,,,0.619076998,0.603583833,0.533703494,0.746794091,0.685197716,0.592592593,0.579710145,0.551724138,0.758996598,0.525641026
158,sudoku_check,random,solver,0.5,5,1E+12,,,0.595977918,0.468779988,0.457119784,0.583962643,0.649206064,0.548387097,0.509803922,0.509803922,0.57108605,0.540983607
159,sudoku_check,suspect2vec,solver,0.5,5,1E+12,,,0.759861578,0.767122379,0.740883259,0.781957625,0.32091327,0.829787234,0.772727273,0.714285714,0.728191645,0.163934426
160,vga,date,solver,0.5,5,1E+12,,,0.87381657,0.601580256,0.703051928,0.747962968,0.342809724,0.929197995,0.582865497,0.704872507,0.767772185,0.356732348
161,vga,naive,solver,0.5,5,1E+12,,,0.640341956,0.555255775,0.498163382,0.723357283,0.981961284,0.618696372,0.582960755,0.501101322,0.727547066,0.668949772
162,vga,random,solver,0.5,5,1E+12,,,0.553533834,0.467012184,0.405291577,0.618604603,1.229671766,0.494036372,0.520204082,0.414004133,0.601299917,0.722412318
163,vga,suspect2vec,solver,0.5,5,1E+12,,,0.665103133,0.729079242,0.661403248,0.752337549,0.664889724,0.738461538,0.729565217,0.722224467,0.778019915,0.34309586
164,wb_dma,date,solver,0.5,5,1E+12,,,0.87963428,0.573824675,0.68494546,0.764882697,0.370451999,0.946524064,0.561643836,0.691625616,0.789554975,0.396907216
165,wb_dma,naive,solver,0.5,5,1E+12,,,0.65548845,0.623718523,0.523289484,0.7869489,1.446264105,0.804020101,0.672268908,0.486772487,0.805101611,0.743830787
166,wb_dma,random,solver,0.5,5,1E+12,,,0.550124735,0.48845984,0.428239761,0.64251253,1.368488982,0.528089888,0.536144578,0.463157895,0.630220024,0.687203791
167,wb_dma,suspect2vec,solver,0.5,5,1E+12,,,0.626413807,0.755715189,0.646300334,0.77542767,0.876697762,0.61663286,0.755102041,0.695785441,0.792993638,0.380952381
168,ethernet,date,solver,0.5,10,1E+12,,,0.85514714,0.624516882,0.707927586,0.811907027,0.315918663,0.933166249,0.588964992,0.714734614,0.821409153,0.362373737
169,ethernet,naive,solver,0.5,10,1E+12,,,0.642476912,0.581375132,0.520432289,0.737433214,1.268493359,0.746806039,0.575892857,0.511890838,0.716504749,0.63531746
170,ethernet,random,solver,0.5,10,1E+12,,,0.53389678,0.499954019,0.441928263,0.607698851,1.278966993,0.528334786,0.520273973,0.463063063,0.596607694,0.474174174
171,ethernet,suspect2vec,solver,0.5,10,1E+12,,,0.745876342,0.801023962,0.734864574,0.817458461,0.63577269,0.876876877,0.832936508,0.755952381,0.840920091,0.257166257
172,fdct,date,solver,0.5,10,1E+12,,,0.949651858,0.722623113,0.813004813,0.895782323,0.248483979,0.968245968,0.710206718,0.82436196,0.922356042,0.267207573
173,fdct,naive,solver,0.5,10,1E+12,,,0.723421415,0.722367191,0.648139677,0.883513863,0.737728209,0.77312253,0.765076862,0.589871682,0.910609429,0.573054187
174,fdct,random,solver,0.5,10,1E+12,,,0.593136968,0.492318396,0.478288324,0.620530234,0.695607491,0.587994972,0.524616626,0.506235113,0.612148478,0.570083488
175,fdct,suspect2vec,solver,0.5,10,1E+12,,,0.889422272,0.849625894,0.849074567,0.907913145,0.274082227,0.960769231,0.874511082,0.853066687,0.926617717,0.164745763
176,mips789,date,solver,0.5,10,1E+12,,,0.888038685,0.636260301,0.735413848,0.83729017,0.289313111,0.925,0.62369338,0.745341615,0.855476332,0.289634146
177,mips789,naive,solver,0.5,10,1E+12,,,0.657780019,0.664393217,0.601504069,0.798205684,0.826635916,0.653696498,0.655737705,0.639810427,0.813829148,0.425170068
178,mips789,random,solver,0.5,10,1E+12,,,0.561867848,0.535340548,0.499759386,0.654973163,0.875548497,0.540540541,0.539473684,0.527638191,0.642963338,0.375816993
179,mips789,suspect2vec,solver,0.5,10,1E+12,,,0.753877992,0.755051136,0.724853884,0.840797455,0.525716872,0.816326531,0.74025974,0.753623188,0.866805233,0.225806452
180,sudoku_check,date,solver,0.5,10,1E+12,,,0.863459193,0.658983886,0.736123575,0.832117516,0.271426181,0.914285714,0.636363636,0.71641791,0.817785548,0.272727273
181,sudoku_check,naive,solver,0.5,10,1E+12,,,0.635051372,0.583039,0.543177617,0.747427007,0.651794602,0.640625,0.607843137,0.577777778,0.720476248,0.507246377
182,sudoku_check,random,solver,0.5,10,1E+12,,,0.563284981,0.477831748,0.45158154,0.580389987,0.770877121,0.5,0.508196721,0.431818182,0.568423115,0.555555556
183,sudoku_check,suspect2vec,solver,0.5,10,1E+12,,,0.810506421,0.799998005,0.776809807,0.842110063,0.359369129,0.927536232,0.837837838,0.747252747,0.861462903,0.208333333
184,vga,date,solver,0.5,10,1E+12,,,0.830134347,0.614449731,0.694275875,0.76656424,0.305895994,0.866155158,0.59569268,0.711790173,0.771551854,0.330065359
185,vga,naive,solver,0.5,10,1E+12,,,0.647814247,0.567385319,0.512255522,0.738375013,1.040560757,0.72871517,0.571212121,0.498770259,0.75554256,0.585264808
186,vga,random,solver,0.5,10,1E+12,,,0.573394337,0.472594652,0.436690505,0.617971379,0.966870697,0.577884066,0.516954023,0.45182493,0.596781976,0.6640625
187,vga,suspect2vec,solver,0.5,10,1E+12,,,0.683699007,0.724608708,0.659543356,0.773373508,0.893654086,0.689010989,0.717142857,0.694480969,0.767873635,0.291685224
188,wb_dma,date,solver,0.5,10,1E+12,,,0.846130981,0.66258884,0.735295212,0.821355873,0.210871114,0.888888889,0.654600302,0.745098039,0.842363366,0.172268908
189,wb_dma,naive,solver,0.5,10,1E+12,,,0.663684204,0.646587845,0.546492111,0.80192655,1.188322356,0.721925134,0.72815534,0.573208723,0.836450341,0.632958801
190,wb_dma,random,solver,0.5,10,1E+12,,,0.562588811,0.473000256,0.417011994,0.640513985,1.47316566,0.521978022,0.519125683,0.433548387,0.631814457,0.718676123
191,wb_dma,suspect2vec,solver,0.5,10,1E+12,,,0.726526799,0.796992636,0.739954247,0.840013446,0.37859579,0.797752809,0.78125,0.77028348,0.856136975,0.154545455
192,ethernet,date,solver,0.5,15,1E+12,,,0.836103522,0.668627751,0.717985071,0.851548671,0.360079727,0.913703704,0.60495716,0.733858001,0.874087286,0.356349206
193,ethernet,naive,solver,0.5,15,1E+12,,,0.609801193,0.586902369,0.511384677,0.743269416,1.243864819,0.583495415,0.568475452,0.518073593,0.731095682,0.605192034
194,ethernet,random,solver,0.5,15,1E+12,,,0.535623328,0.491048401,0.432221911,0.60717074,1.277823646,0.509653916,0.515909091,0.475479901,0.593257932,0.630623306
195,ethernet,suspect2vec,solver,0.5,15,1E+12,,,0.794891129,0.863309726,0.790921649,0.872701879,0.66408944,0.908191001,0.925279107,0.821764706,0.899055189,0.165525114
196,fdct,date,solver,0.5,15,1E+12,,,0.941621957,0.801698418,0.859455126,0.914298253,0.179215802,0.983531746,0.782857143,0.852860142,0.923015915,0.199489796
197,fdct,naive,solver,0.5,15,1E+12,,,0.730108732,0.709685773,0.636408072,0.887014214,0.717175794,0.857142857,0.788122333,0.592584746,0.89935493,0.636108374
198,fdct,random,solver,0.5,15,1E+12,,,0.570985364,0.484144708,0.462669173,0.617293013,0.687244191,0.484375,0.52,0.487337731,0.604611248,0.613389251
199,fdct,suspect2vec,solver,0.5,15,1E+12,,,0.900789375,0.850663015,0.85892385,0.919327197,0.237385193,0.967948718,0.86772655,0.854928018,0.937252014,0.176174334
200,mips789,date,solver,0.5,15,1E+12,,,0.893353921,0.663252577,0.755590902,0.858580165,0.261731764,0.928571429,0.657407407,0.757111597,0.876880136,0.281862745
201,mips789,naive,solver,0.5,15,1E+12,,,0.693042005,0.6545089,0.615097441,0.810681511,0.883830006,0.769230769,0.675257732,0.666666667,0.823209619,0.395415473
202,mips789,random,solver,0.5,15,1E+12,,,0.575214494,0.524304569,0.500440498,0.654548549,0.788827204,0.556886228,0.533807829,0.526912181,0.642529613,0.40070922
203,mips789,suspect2vec,solver,0.5,15,1E+12,,,0.776803395,0.761633037,0.742137178,0.861978708,0.476440381,0.833333333,0.759581882,0.784946237,0.889789682,0.223360656
204,sudoku_check,date,solver,0.5,15,1E+12,,,0.834495534,0.725410433,0.758192073,0.859852495,0.261674289,0.884210526,0.68115942,0.739495798,0.889890282,0.25
205,sudoku_check,naive,solver,0.5,15,1E+12,,,0.667710615,0.595168157,0.559348051,0.757603798,0.617693209,0.72,0.606060606,0.549019608,0.76861609,0.5
206,sudoku_check,random,solver,0.5,15,1E+12,,,0.590731355,0.477778606,0.462115306,0.583710579,0.694190096,0.518518519,0.508196721,0.482758621,0.57402351,0.515625
207,sudoku_check,suspect2vec,solver,0.5,15,1E+12,,,0.847717442,0.813765254,0.814250587,0.861139547,0.204262711,0.95,0.884615385,0.814159292,0.870510955,0.058823529
208,vga,date,solver,0.5,15,1E+12,,,0.837543631,0.676305929,0.736529358,0.822489742,0.246920929,0.893308081,0.666745417,0.737943809,0.844157751,0.266994267
209,vga,naive,solver,0.5,15,1E+12,,,0.647094103,0.58119681,0.531930171,0.749991288,0.931895374,0.673454276,0.583057395,0.551537386,0.763623535,0.55531428
210,vga,random,solver,0.5,15,1E+12,,,0.567730289,0.479222225,0.438218976,0.618976719,0.980076806,0.510414898,0.516145833,0.453672641,0.606056051,0.6342381
211,vga,suspect2vec,solver,0.5,15,1E+12,,,0.788828135,0.764706251,0.755833571,0.841081014,0.310494423,0.835700758,0.782793406,0.768474907,0.862850459,0.181866991
212,wb_dma,date,solver,0.5,15,1E+12,,,0.845303414,0.692784581,0.754470334,0.837987774,0.204832013,0.911764706,0.676923077,0.773626374,0.865737989,0.193877551
213,wb_dma,naive,solver,0.5,15,1E+12,,,0.680211094,0.625589629,0.542106908,0.804030724,1.394844037,0.777777778,0.677777778,0.561403509,0.832854677,0.671875
214,wb_dma,random,solver,0.5,15,1E+12,,,0.540560998,0.492851065,0.425754614,0.643053017,1.478725346,0.507537688,0.531914894,0.469565217,0.625521472,0.651515152
215,wb_dma,suspect2vec,solver,0.5,15,1E+12,,,0.739802705,0.810743153,0.745317401,0.866779886,0.589713731,0.802955665,0.813084112,0.765511684,0.877884006,0.153409091
216,ethernet,date,solver,0.5,20,1E+12,,,0.8586448,0.685869823,0.745867071,0.865800407,0.299366246,0.958653026,0.645752896,0.758257713,0.915201599,0.313095238
217,ethernet,naive,solver,0.5,20,1E+12,,,0.625722548,0.584840747,0.514241806,0.756736444,1.286655263,0.673494398,0.583333333,0.53030303,0.744111764,0.547502048
218,ethernet,random,solver,0.5,20,1E+12,,,0.5365821,0.491105567,0.433009535,0.605359108,1.362990214,0.528566656,0.513899614,0.473168264,0.592929102,0.481740064
219,ethernet,suspect2vec,solver,0.5,20,1E+12,,,0.784234437,0.858746875,0.793115034,0.875319048,0.426899112,0.875398034,0.89039039,0.850006616,0.930845486,0.155626781
220,fdct,date,solver,0.5,20,1E+12,,,0.897235109,0.827746558,0.851551139,0.919662496,0.177745704,0.943494942,0.82769556,0.856686445,0.942105259,0.141395349
221,fdct,naive,solver,0.5,20,1E+12,,,0.737031345,0.712045423,0.653792443,0.886931493,0.654898061,0.816501883,0.706814921,0.611344538,0.900698895,0.571428571
222,fdct,random,solver,0.5,20,1E+12,,,0.582590104,0.489363389,0.470190687,0.620479781,0.685351529,0.438967656,0.51862069,0.464455256,0.610389231,0.622325581
223,fdct,suspect2vec,solver,0.5,20,1E+12,,,0.961032456,0.854746234,0.897305524,0.932960551,0.149358113,0.99202567,0.874292898,0.897196262,0.96140056,0.114141414
224,mips789,date,solver,0.5,20,1E+12,,,0.867663126,0.677724585,0.754519014,0.871161779,0.233265006,0.918181818,0.675977654,0.757111597,0.902206032,0.233449477
225,mips789,naive,solver,0.5,20,1E+12,,,0.686285766,0.65457568,0.612639689,0.812473383,0.796728918,0.701657459,0.682119205,0.668841762,0.83819088,0.393728223
226,mips789,random,solver,0.5,20,1E+12,,,0.572190795,0.527089723,0.499162408,0.65380148,0.883972266,0.543478261,0.544378698,0.519774011,0.641613845,0.379194631
227,mips789,suspect2vec,solver,0.5,20,1E+12,,,0.783798464,0.752644525,0.738659358,0.871857667,0.505985951,0.870967742,0.75739645,0.779487179,0.893280417,0.235602094
228,sudoku_check,date,solver,0.5,20,1E+12,,,0.838706791,0.795817147,0.8026555,0.898415323,0.216218833,0.857142857,0.8,0.842105263,0.952695652,0.206896552
229,sudoku_check,naive,solver,0.5,20,1E+12,,,0.678502429,0.571687838,0.544922904,0.7606114,0.712873212,0.693548387,0.568627451,0.545454545,0.735563757,0.536231884
230,sudoku_check,random,solver,0.5,20,1E+12,,,0.596104507,0.482793144,0.472077566,0.585918493,0.64676297,0.551724138,0.507462687,0.504672897,0.574064424,0.536231884
231,sudoku_check,suspect2vec,solver,0.5,20,1E+12,,,0.901158515,0.839878949,0.856585638,0.903533276,0.162328548,0.96969697,0.923076923,0.910714286,0.967671206,0.076923077
232,vga,date,solver,0.5,20,1E+12,,,0.826506253,0.692929474,0.740394014,0.839182914,0.244413188,0.85746308,0.65,0.737839367,0.840184278,0.231345393
233,vga,naive,solver,0.5,20,1E+12,,,0.648985454,0.579284826,0.518862778,0.744335384,1.11426371,0.742042607,0.58908046,0.535832289,0.759144018,0.590008803
234,vga,random,solver,0.5,20,1E+12,,,0.574710093,0.485380461,0.456229243,0.618502845,0.871083872,0.480111111,0.511579652,0.467478026,0.604868141,0.574039475
235,vga,suspect2vec,solver,0.5,20,1E+12,,,0.77707768,0.80310262,0.765133276,0.861334375,0.359990931,0.834933493,0.787383832,0.794437834,0.859181359,0.243444146
236,wb_dma,date,solver,0.5,20,1E+12,,,0.834864842,0.700228594,0.754018886,0.846757497,0.208360262,0.883928571,0.694117647,0.78340081,0.855026553,0.177570093
237,wb_dma,naive,solver,0.5,20,1E+12,,,0.659937811,0.643438113,0.541071771,0.806140006,1.430256803,0.745454545,0.722689076,0.54,0.836360956,0.670180723
238,wb_dma,random,solver,0.5,20,1E+12,,,0.546708345,0.482228002,0.417574097,0.643583447,1.531224418,0.523560209,0.525490196,0.454320988,0.622154736,0.693493151
239,wb_dma,suspect2vec,solver,0.5,20,1E+12,,,0.759335226,0.831358073,0.769949401,0.872499507,0.481663848,0.809034908,0.818181818,0.808988764,0.87569226,0.096153846
240,ethernet,date,solver,0.5,25,1E+12,,,0.856158593,0.723250785,0.76529043,0.89598884,0.28657514,0.935416667,0.702941176,0.780728477,0.951852229,0.27809592
241,ethernet,naive,solver,0.5,25,1E+12,,,0.622669806,0.609839969,0.531003001,0.760144668,1.243420326,0.583495415,0.593220339,0.550887722,0.738122379,0.524126792
242,ethernet,random,solver,0.5,25,1E+12,,,0.531908936,0.496735441,0.438654097,0.605463166,1.286202899,0.521045198,0.519259259,0.482074546,0.595822993,0.561779065
243,ethernet,suspect2vec,solver,0.5,25,1E+12,,,0.822274998,0.891595517,0.83240748,0.912677637,0.381034345,0.958645337,0.948509485,0.893424036,0.97382884,0.120546524
244,fdct,date,solver,0.5,25,1E+12,,,0.906338351,0.864823867,0.881217641,0.928052013,0.107239625,0.919176707,0.880677966,0.897959184,0.946504425,0.097058824
245,fdct,naive,solver,0.5,25,1E+12,,,0.745173096,0.705755401,0.649899293,0.887124522,0.676320066,0.855932203,0.731053352,0.596006144,0.905121735,0.584653619
246,fdct,random,solver,0.5,25,1E+12,,,0.587174981,0.488075155,0.475387718,0.61418439,0.646381171,0.517218187,0.526348228,0.496916363,0.596101724,0.636108374
247,fdct,suspect2vec,solver,0.5,25,1E+12,,,0.957176235,0.870055793,0.905600852,0.936622506,0.138141024,0.992390046,0.891013007,0.905372405,0.966733581,0.114483821
248,mips789,date,solver,0.5,25,1E+12,,,0.902665271,0.702106445,0.783321627,0.895812825,0.242434703,0.955357143,0.700680272,0.785636561,0.921516045,0.24120603
249,mips789,naive,solver,0.5,25,1E+12,,,0.696176328,0.662831836,0.625457266,0.815806762,0.849440931,0.717948718,0.688741722,0.671604938,0.81840188,0.391459075
250,mips789,random,solver,0.5,25,1E+12,,,0.569417398,0.527617642,0.500834208,0.65328419,0.765228606,0.530927835,0.537777778,0.516853933,0.645604752,0.407665505
251,mips789,suspect2vec,solver,0.5,25,1E+12,,,0.842917541,0.780150461,0.793255285,0.899802935,0.301325367,0.908571429,0.756097561,0.813114754,0.924209265,0.188235294
252,sudoku_check,date,solver,0.5,25,1E+12,,,0.847852988,0.807749843,0.81132027,0.915133216,0.234246771,0.871428571,0.803921569,0.826086957,0.958945675,0.214285714
253,sudoku_check,naive,solver,0.5,25,1E+12,,,0.660849014,0.606803117,0.574144112,0.769939425,0.527934787,0.661290323,0.625,0.596774194,0.754032993,0.403225806
254,sudoku_check,random,solver,0.5,25,1E+12,,,0.607588116,0.474286053,0.464882797,0.582328015,0.700439083,0.459016393,0.5,0.459016393,0.566616419,0.534246575
255,sudoku_check,suspect2vec,solver,0.5,25,1E+12,,,0.905455197,0.858953609,0.871717584,0.911224969,0.150087237,0.984126984,0.923076923,0.904761905,0.966813566,0.076923077
256,vga,date,solver,0.5,25,1E+12,,,0.835442661,0.715483643,0.757487073,0.851726918,0.238690444,0.879761905,0.697826087,0.755097961,0.860210776,0.243282313
257,vga,naive,solver,0.5,25,1E+12,,,0.662486589,0.567329042,0.522874387,0.751441171,0.977655679,0.71032571,0.566741,0.518478019,0.757281982,0.588758681
258,vga,random,solver,0.5,25,1E+12,,,0.592459787,0.483634424,0.454969163,0.620043016,0.919484055,0.568744474,0.517575758,0.454994317,0.606452568,0.637213908
259,vga,suspect2vec,solver,0.5,25,1E+12,,,0.805677699,0.793995655,0.776978313,0.871582038,0.339862065,0.861614376,0.814829735,0.787469645,0.869386459,0.195392327
260,wb_dma,date,solver,0.5,25,1E+12,,,0.821569384,0.710363215,0.752502687,0.8484362,0.21773212,0.891666667,0.693877551,0.785046729,0.878598558,0.169724771
261,wb_dma,naive,solver,0.5,25,1E+12,,,0.670327482,0.652521445,0.556480991,0.80948435,1.398906039,0.770491803,0.729411765,0.584837545,0.849425078,0.671191554
262,wb_dma,random,solver,0.5,25,1E+12,,,0.540489289,0.497630542,0.428301373,0.644637552,1.44166824,0.510309278,0.534391534,0.452742124,0.625609677,0.676923077
263,wb_dma,suspect2vec,solver,0.5,25,1E+12,,,0.790388849,0.815265599,0.781037373,0.885459634,0.618623716,0.852713178,0.813953488,0.826086957,0.899840492,0.099315068
264,ethernet,date,solver,0.5,30,1E+12,,,0.853726895,0.745209192,0.777845955,0.910215802,0.271026095,0.929401993,0.732808399,0.781304348,0.969286636,0.275963531
265,ethernet,naive,solver,0.5,30,1E+12,,,0.618589919,0.603757009,0.52989901,0.75948225,1.219324459,0.584745763,0.582364341,0.536149826,0.722329058,0.499430802
266,ethernet,random,solver,0.5,30,1E+12,,,0.542961256,0.489812109,0.434750328,0.608530369,1.295729662,0.532274803,0.513513514,0.465856481,0.593100321,0.516666667
267,ethernet,suspect2vec,solver,0.5,30,1E+12,,,0.832501481,0.888358788,0.836296694,0.924886264,0.35958584,0.944614209,0.953288328,0.898310645,0.979539669,0.109126984
268,fdct,date,solver,0.5,30,1E+12,,,0.871807605,0.86352907,0.861900746,0.930690451,0.127447824,0.89497549,0.8696875,0.863450613,0.953823344,0.102590132
269,fdct,naive,solver,0.5,30,1E+12,,,0.753892786,0.69799781,0.653280167,0.887458481,0.6232905,0.849206349,0.713474692,0.568181818,0.90681498,0.465116279
270,fdct,random,solver,0.5,30,1E+12,,,0.591738925,0.4866201,0.479560607,0.618944834,0.619565964,0.516263336,0.517894737,0.507575758,0.609547031,0.523255814
271,fdct,suspect2vec,solver,0.5,30,1E+12,,,0.968448704,0.862777262,0.907104413,0.937504373,0.135771988,1,0.898534127,0.918008316,0.974604299,0.077524038
272,mips789,date,solver,0.5,30,1E+12,,,0.901871287,0.728289945,0.799614573,0.898223446,0.215897795,0.950819672,0.735785953,0.817857143,0.926616362,0.206185567
273,mips789,naive,solver,0.5,30,1E+12,,,0.695728927,0.655715406,0.618857679,0.817686683,0.773477498,0.736040609,0.695364238,0.67264574,0.835162705,0.392086331
274,mips789,random,solver,0.5,30,1E+12,,,0.590593585,0.526002871,0.506963686,0.654132439,0.832232707,0.55,0.533101045,0.538011696,0.641263905,0.402684564
275,mips789,suspect2vec,solver,0.5,30,1E+12,,,0.851477537,0.787567905,0.801916586,0.901284508,0.33264213,0.907692308,0.790322581,0.823327616,0.925742471,0.180645161
276,sudoku_check,date,solver,0.5,30,1E+12,,,0.802552296,0.825050855,0.799334694,0.914577094,0.225255672,0.814814815,0.859375,0.824742268,0.967044349,0.191780822
277,sudoku_check,naive,solver,0.5,30,1E+12,,,0.687560296,0.56436985,0.547745214,0.766042305,0.657907294,0.745098039,0.555555556,0.576923077,0.752115819,0.515625
278,sudoku_check,random,solver,0.5,30,1E+12,,,0.556089071,0.476746702,0.453311974,0.583076322,0.621642608,0.53968254,0.507462687,0.46875,0.570939778,0.564516129
279,sudoku_check,suspect2vec,solver,0.5,30,1E+12,,,0.923383506,0.851171506,0.872886789,0.919711174,0.163636563,0.994334278,0.945945946,0.951612903,0.985888828,0.045454545
280,vga,date,solver,0.5,30,1E+12,,,0.821012419,0.728022638,0.758276226,0.857001945,0.221143142,0.835555556,0.706557377,0.772556538,0.880771661,0.219539233
281,vga,naive,solver,0.5,30,1E+12,,,0.648287435,0.581149488,0.52883534,0.754559098,0.97944867,0.718876518,0.592226614,0.549609097,0.768492479,0.551503095
282,vga,random,solver,0.5,30,1E+12,,,0.575173069,0.475879893,0.447526591,0.619101271,0.938675407,0.543459813,0.512820513,0.451533863,0.600296128,0.502108186
283,vga,suspect2vec,solver,0.5,30,1E+12,,,0.809496215,0.802399744,0.78181836,0.884783131,0.346541701,0.883224282,0.8,0.793728223,0.894543172,0.261986301
284,wb_dma,date,solver,0.5,30,1E+12,,,0.839812455,0.742320887,0.77809858,0.869717195,0.212964153,0.898648649,0.723484848,0.801564027,0.8980043,0.181818182
285,wb_dma,naive,solver,0.5,30,1E+12,,,0.676243203,0.658747007,0.565260339,0.80995414,1.381533478,0.812785388,0.715909091,0.571428571,0.845109775,0.660194175
286,wb_dma,random,solver,0.5,30,1E+12,,,0.542423112,0.488601901,0.426912893,0.641474816,1.368034468,0.513089005,0.531818182,0.452012384,0.625882424,0.686746988
287,wb_dma,suspect2vec,solver,0.5,30,1E+12,,,0.785205149,0.836254046,0.785273144,0.898257512,0.622249868,0.868421053,0.817496229,0.8125,0.911781865,0.095551895
288,ethernet,date,solver,0.5,35,1E+12,,,0.84680899,0.771022924,0.784122032,0.921685251,0.309638506,0.9375,0.765567766,0.782608696,0.970974385,0.3001638
289,ethernet,naive,solver,0.5,35,1E+12,,,0.614360386,0.584912408,0.516049019,0.757974407,1.297721902,0.633231453,0.593220339,0.541289593,0.745497186,0.564984565
290,ethernet,random,solver,0.5,35,1E+12,,,0.53131865,0.499190224,0.436070252,0.608029662,1.322196976,0.529378531,0.525006946,0.476869217,0.592405697,0.601601031
291,ethernet,suspect2vec,solver,0.5,35,1E+12,,,0.852014429,0.909697668,0.858552042,0.937309143,0.501798064,0.960263158,0.971428571,0.915186854,0.988810431,0.084039548
292,fdct,date,solver,0.5,35,1E+12,,,0.86584032,0.866385213,0.860116915,0.930546723,0.131778541,0.894176932,0.8696875,0.863450613,0.954002008,0.105758583
293,fdct,naive,solver,0.5,35,1E+12,,,0.754665799,0.695297892,0.654627738,0.886965177,0.606477958,0.8359375,0.718579627,0.572237459,0.904518621,0.488372093
294,fdct,random,solver,0.5,35,1E+12,,,0.592998202,0.489022982,0.482088533,0.616269614,0.606477958,0.519717262,0.52,0.51194336,0.602560718,0.488372093
295,fdct,suspect2vec,solver,0.5,35,1E+12,,,0.969457897,0.867639199,0.910284036,0.937717962,0.134650714,1,0.934522748,0.91237678,0.974432268,0.085995086
296,mips789,date,solver,0.5,35,1E+12,,,0.905065573,0.723767568,0.799096625,0.90102634,0.214804759,0.947368421,0.721893491,0.812903226,0.924047256,0.221105528
297,mips789,naive,solver,0.5,35,1E+12,,,0.702389465,0.656200333,0.626579306,0.816435481,0.732746135,0.75879397,0.680628272,0.673684211,0.832119988,0.35530086
298,mips789,random,solver,0.5,35,1E+12,,,0.588226143,0.521611305,0.505984919,0.653430043,0.736011491,0.540229885,0.536585366,0.528610354,0.644033653,0.376760563
299,mips789,suspect2vec,solver,0.5,35,1E+12,,,0.852442974,0.792913787,0.803815464,0.907025362,0.31079039,0.911877395,0.794701987,0.833333333,0.935180909,0.191616766
300,sudoku_check,date,solver,0.5,35,1E+12,,,0.791330156,0.826491496,0.791553976,0.916548317,0.264545965,0.814814815,0.80952381,0.807692308,0.976284585,0.238095238
301,sudoku_check,naive,solver,0.5,35,1E+12,,,0.691222882,0.581231322,0.559115149,0.766268365,0.65579148,0.837837838,0.555555556,0.575342466,0.790858052,0.5
302,sudoku_check,random,solver,0.5,35,1E+12,,,0.561787307,0.482529116,0.455348872,0.584690758,0.688398817,0.54,0.516129032,0.447058824,0.571889337,0.537313433
303,sudoku_check,suspect2vec,solver,0.5,35,1E+12,,,0.914418592,0.855105234,0.871312607,0.92527001,0.160358676,1,0.945945946,0.945945946,0.990651399,0.032786885
304,vga,date,solver,0.5,35,1E+12,,,0.811522,0.746201606,0.757960322,0.871788332,0.285483152,0.878581412,0.7205027,0.767926465,0.879506167,0.277636917
305,vga,naive,solver,0.5,35,1E+12,,,0.637410744,0.578273451,0.520498309,0.755254506,0.972457682,0.683442063,0.577035414,0.524817671,0.769888286,0.62088833
306,vga,random,solver,0.5,35,1E+12,,,0.569300876,0.475506462,0.443553237,0.617888515,0.924130592,0.525287356,0.511655012,0.438875786,0.597696774,0.569570478
307,vga,suspect2vec,solver,0.5,35,1E+12,,,0.817006346,0.817900854,0.798387666,0.903052971,0.300044227,0.876195943,0.827625571,0.804255319,0.918830542,0.194746198
308,wb_dma,date,solver,0.5,35,1E+12,,,0.834441483,0.734143448,0.773610494,0.863405407,0.186759728,0.894736842,0.723484848,0.803738318,0.875952199,0.142857143
309,wb_dma,naive,solver,0.5,35,1E+12,,,0.668992621,0.663679481,0.563760927,0.810182217,1.413880528,0.768041237,0.723484848,0.552901024,0.844801206,0.687179487
310,wb_dma,random,solver,0.5,35,1E+12,,,0.540828595,0.488340597,0.426709609,0.641252237,1.419719768,0.555555556,0.523364486,0.441717791,0.624115102,0.698517298
311,wb_dma,suspect2vec,solver,0.5,35,1E+12,,,0.801852288,0.837843329,0.796108542,0.899756358,0.574374869,0.86440678,0.822727273,0.818181818,0.90974534,0.113636364
312,ethernet,date,solver,0.5,40,1E+12,,,0.845131759,0.805503982,0.803097548,0.926920974,0.295867586,0.922390723,0.80784443,0.809475806,0.965545712,0.267426901
313,ethernet,naive,solver,0.5,40,1E+12,,,0.605536392,0.593174602,0.514051394,0.755626765,1.305574619,0.588276836,0.592528537,0.518481518,0.729513918,0.561998977
314,ethernet,random,solver,0.5,40,1E+12,,,0.534157946,0.493528296,0.432415515,0.605117598,1.325801998,0.529378531,0.516139993,0.464640199,0.594966111,0.533010297
315,ethernet,suspect2vec,solver,0.5,40,1E+12,,,0.869805599,0.9146518,0.877590708,0.947283709,0.240259994,0.925397527,0.988888889,0.90822925,0.98827678,0.104591837
316,fdct,date,solver,0.5,40,1E+12,,,0.86584032,0.866385213,0.860116915,0.930546723,0.131778541,0.894176932,0.8696875,0.863450613,0.954002008,0.105758583
317,fdct,naive,solver,0.5,40,1E+12,,,0.754665799,0.695297892,0.654627738,0.886965177,0.606477958,0.8359375,0.718579627,0.572237459,0.904518621,0.488372093
318,fdct,random,solver,0.5,40,1E+12,,,0.591533358,0.489078424,0.48094718,0.615979989,0.606477958,0.52765377,0.52,0.50203252,0.595245395,0.488372093
319,fdct,suspect2vec,solver,0.5,40,1E+12,,,0.972469837,0.867658182,0.91149734,0.937435208,0.136274197,1,0.934522748,0.920794288,0.975197662,0.079603041
320,mips789,date,solver,0.5,40,1E+12,,,0.891043027,0.718302487,0.78994359,0.897494452,0.212995514,0.930909091,0.717391304,0.811881188,0.931327709,0.221105528
321,mips789,naive,solver,0.5,40,1E+12,,,0.704432111,0.652934166,0.623731123,0.817982433,0.726488042,0.76300578,0.688235294,0.674157303,0.826109713,0.37366548
322,mips789,random,solver,0.5,40,1E+12,,,0.590925446,0.520927528,0.503916174,0.655593559,0.822083456,0.543352601,0.537688442,0.525073746,0.647805691,0.387755102
323,mips789,suspect2vec,solver,0.5,40,1E+12,,,0.847158062,0.795896107,0.803420435,0.909980971,0.311175756,0.933333333,0.814102564,0.837647059,0.938248018,0.145728643
324,sudoku_check,date,solver,0.5,40,1E+12,,,0.780380856,0.829706205,0.785880248,0.920040727,0.281994948,0.772151899,0.862745098,0.805970149,0.976284585,0.268656716
325,sudoku_check,naive,solver,0.5,40,1E+12,,,0.668222654,0.588170639,0.559897779,0.761989688,0.603653021,0.696428571,0.582089552,0.564102564,0.755205747,0.492753623
326,sudoku_check,random,solver,0.5,40,1E+12,,,0.562383922,0.48858166,0.465374103,0.586373505,0.620612778,0.459016393,0.513513514,0.444444444,0.573075379,0.5
327,sudoku_check,suspect2vec,solver,0.5,40,1E+12,,,0.925776119,0.852522724,0.876821887,0.924523696,0.139694402,0.992125984,0.923076923,0.938461538,0.987606222,0.039215686
328,vga,date,solver,0.5,40,1E+12,,,0.828068224,0.754048306,0.7727092,0.879496345,0.260513355,0.90967366,0.748606466,0.785360746,0.908170739,0.247195679
329,vga,naive,solver,0.5,40,1E+12,,,0.668359012,0.583009012,0.5416544,0.757610972,0.909007178,0.726190476,0.582580775,0.553919295,0.780591392,0.541160594
330,vga,random,solver,0.5,40,1E+12,,,0.582955605,0.474869514,0.447559539,0.619303442,0.919224569,0.551136364,0.514718615,0.45358026,0.597872575,0.566789216
331,vga,suspect2vec,solver,0.5,40,1E+12,,,0.837463906,0.819482947,0.813336768,0.899118609,0.248530862,0.879079254,0.827625571,0.836443705,0.921983813,0.206013242
332,wb_dma,date,solver,0.5,40,1E+12,,,0.830240879,0.737221123,0.771407542,0.867090909,0.212462595,0.877697842,0.715909091,0.799154334,0.890290671,0.168246445
333,wb_dma,naive,solver,0.5,40,1E+12,,,0.671222323,0.664896618,0.566054866,0.811351368,1.395466333,0.780104712,0.729411765,0.568421053,0.854850179,0.682051282
334,wb_dma,random,solver,0.5,40,1E+12,,,0.542669202,0.490489732,0.428475843,0.64196747,1.395466333,0.537234043,0.527272727,0.439628483,0.621979514,0.682051282
335,wb_dma,suspect2vec,solver,0.5,40,1E+12,,,0.802121973,0.844777016,0.799239467,0.903615918,0.612696501,0.863874346,0.884160757,0.826839827,0.915771325,0.130653266
336,ethernet,date,solver,0.5,45,1E+12,,,0.836330648,0.788228162,0.791462307,0.919188657,0.288156432,0.92740448,0.765615191,0.812754065,0.973631396,0.252357878
337,ethernet,naive,solver,0.5,45,1E+12,,,0.615636566,0.589773456,0.516256487,0.762796829,1.319197384,0.571327684,0.582875458,0.540548599,0.741927636,0.477865884
338,ethernet,random,solver,0.5,45,1E+12,,,0.531218115,0.494330463,0.436275095,0.603769069,1.281907584,0.516810225,0.513899614,0.473311428,0.585459922,0.491236772
339,ethernet,suspect2vec,solver,0.5,45,1E+12,,,0.874545768,0.90598988,0.875337639,0.937202945,0.221483562,0.943922306,0.972845675,0.932234432,0.987904527,0.083571383
340,fdct,date,solver,0.5,45,1E+12,,,0.86584032,0.866385213,0.860116915,0.930546723,0.131778541,0.894176932,0.8696875,0.863450613,0.954002008,0.105758583
341,fdct,naive,solver,0.5,45,1E+12,,,0.754665799,0.695297892,0.654627738,0.886965177,0.606477958,0.8359375,0.718579627,0.572237459,0.904518621,0.488372093
342,fdct,random,solver,0.5,45,1E+12,,,0.594447545,0.493898454,0.484575572,0.623323175,0.606477958,0.519593254,0.521111111,0.504133361,0.602420587,0.488372093
343,fdct,suspect2vec,solver,0.5,45,1E+12,,,0.972998979,0.865411132,0.910331982,0.937255231,0.13792265,1,0.934522748,0.918008316,0.975155095,0.079603041
344,mips789,date,solver,0.5,45,1E+12,,,0.89743606,0.723873966,0.795353969,0.902828109,0.21472489,0.942857143,0.712121212,0.803030303,0.929504173,0.215189873
345,mips789,naive,solver,0.5,45,1E+12,,,0.70531902,0.65207302,0.622792342,0.817895231,0.755994519,0.760869565,0.685863874,0.67816092,0.819676194,0.374100719
346,mips789,random,solver,0.5,45,1E+12,,,0.581167197,0.520951447,0.502347777,0.654222583,0.761133483,0.538461538,0.532846715,0.529577465,0.643671153,0.401360544
347,mips789,suspect2vec,solver,0.5,45,1E+12,,,0.861174217,0.793710722,0.808986763,0.916747982,0.309935644,0.91011236,0.807926829,0.829931973,0.938330849,0.176056338
348,sudoku_check,date,solver,0.5,45,1E+12,,,0.777120621,0.838324416,0.788894034,0.91977119,0.27905847,0.777777778,0.923076923,0.8,0.979083416,0.246376812
349,sudoku_check,naive,solver,0.5,45,1E+12,,,0.656936362,0.611847522,0.564578337,0.772355203,0.664549065,0.68627451,0.636363636,0.575342466,0.786141182,0.545454545
350,sudoku_check,random,solver,0.5,45,1E+12,,,0.561298122,0.484656935,0.457446415,0.58501607,0.68301929,0.548387097,0.508196721,0.433333333,0.572610721,0.545454545
351,sudoku_check,suspect2vec,solver,0.5,45,1E+12,,,0.925735119,0.865521501,0.885278522,0.924335876,0.140920957,0.983379501,0.93442623,0.958333333,0.991783548,0.06
352,vga,date,solver,0.5,45,1E+12,,,0.826316758,0.765190158,0.779862752,0.883339165,0.236405686,0.888541667,0.744810745,0.781715307,0.900903386,0.23253176
353,vga,naive,solver,0.5,45,1E+12,,,0.652118113,0.581095044,0.526426208,0.759097506,0.968356474,0.697017268,0.594520548,0.559855026,0.780409705,0.572737069
354,vga,random,solver,0.5,45,1E+12,,,0.577572883,0.482001173,0.449286855,0.618970479,0.969286858,0.515444015,0.519615385,0.437057003,0.612593274,0.557777778
355,vga,suspect2vec,solver,0.5,45,1E+12,,,0.847327693,0.846614456,0.831613031,0.912980437,0.241977357,0.920690812,0.856866002,0.842507698,0.925405965,0.148643411
356,wb_dma,date,solver,0.5,45,1E+12,,,0.830240879,0.737221123,0.771407542,0.867090909,0.212462595,0.877697842,0.715909091,0.799154334,0.890290671,0.168246445
357,wb_dma,naive,solver,0.5,45,1E+12,,,0.671222323,0.664896618,0.566054866,0.811351368,1.395466333,0.780104712,0.729411765,0.568421053,0.854850179,0.682051282
358,wb_dma,random,solver,0.5,45,1E+12,,,0.543327349,0.491374963,0.429662381,0.643150077,1.395466333,0.553763441,0.530612245,0.469104666,0.626790902,0.682051282
359,wb_dma,suspect2vec,solver,0.5,45,1E+12,,,0.802619059,0.843750439,0.799303199,0.903260235,0.608950953,0.873015873,0.888888889,0.828402367,0.914081896,0.109375
360,ethernet,date,solver,0.5,50,1E+12,,,0.859557433,0.820201564,0.818564947,0.94509446,0.287067351,0.95348219,0.831446256,0.818121693,0.985575216,0.264480874
361,ethernet,naive,solver,0.5,50,1E+12,,,0.625161425,0.596155973,0.52622487,0.76060608,1.259346198,0.588760504,0.583333333,0.552901476,0.728839897,0.468468468
362,ethernet,random,solver,0.5,50,1E+12,,,0.532608358,0.500269877,0.438733229,0.604717138,1.290709901,0.533333333,0.515809305,0.473506931,0.587544129,0.507562205
363,ethernet,suspect2vec,solver,0.5,50,1E+12,,,0.917029743,0.921435402,0.907034037,0.958963334,0.316924775,0.976638024,0.983333333,0.955304671,0.997513652,0.040818215
364,fdct,date,solver,0.5,50,1E+12,,,0.86584032,0.866385213,0.860116915,0.930546723,0.131778541,0.894176932,0.8696875,0.863450613,0.954002008,0.105758583
365,fdct,naive,solver,0.5,50,1E+12,,,0.754665799,0.695297892,0.654627738,0.886965177,0.606477958,0.8359375,0.718579627,0.572237459,0.904518621,0.488372093
366,fdct,random,solver,0.5,50,1E+12,,,0.590533544,0.487090895,0.479916259,0.616470498,0.606477958,0.559151786,0.516756757,0.504133361,0.604151596,0.488372093
367,fdct,suspect2vec,solver,0.5,50,1E+12,,,0.970355368,0.866175371,0.910073438,0.937449376,0.128523961,1,0.934522748,0.927875244,0.97548029,0.072727273
368,mips789,date,solver,0.5,50,1E+12,,,0.902303858,0.718373372,0.793693725,0.904326678,0.221618553,0.953608247,0.715302491,0.807991121,0.931655711,0.224358974
369,mips789,naive,solver,0.5,50,1E+12,,,0.696958829,0.651002254,0.618747651,0.819516469,0.763216991,0.737113402,0.66,0.673469388,0.832605119,0.370503597
370,mips789,random,solver,0.5,50,1E+12,,,0.584437527,0.521834745,0.503915829,0.654618547,0.772355528,0.541176471,0.531690141,0.526946108,0.642741743,0.375
371,mips789,suspect2vec,solver,0.5,50,1E+12,,,0.870420706,0.793226343,0.814529006,0.92074332,0.286828254,0.935714286,0.818181818,0.830039526,0.943161798,0.146974063
372,sudoku_check,date,solver,0.5,50,1E+12,,,0.782229344,0.83439551,0.789922213,0.921156948,0.276122471,0.784090909,0.909090909,0.8,0.9787163,0.268656716
373,sudoku_check,naive,solver,0.5,50,1E+12,,,0.653695175,0.600147087,0.552503895,0.772571132,0.701388001,0.76744186,0.608695652,0.575342466,0.776371291,0.59375
374,sudoku_check,random,solver,0.5,50,1E+12,,,0.566672905,0.481992074,0.459903039,0.584543705,0.698471569,0.590909091,0.507246377,0.419753086,0.57501474,0.612903226
375,sudoku_check,suspect2vec,solver,0.5,50,1E+12,,,0.934321805,0.867354179,0.889077095,0.932638426,0.141246154,1,0.923076923,0.947368421,0.99088418,0.03539823
376,vga,date,solver,0.5,50,1E+12,,,0.820414843,0.783862887,0.786871697,0.890810895,0.236964718,0.877087199,0.768614477,0.786546071,0.907560774,0.21679198
377,vga,naive,solver,0.5,50,1E+12,,,0.664986491,0.581229671,0.537134181,0.758291513,0.912268683,0.714285714,0.582399336,0.535897436,0.779618286,0.551724138
378,vga,random,solver,0.5,50,1E+12,,,0.586435845,0.472582246,0.44934827,0.618580344,0.934945951,0.56547619,0.511369509,0.460102379,0.603102448,0.569982394
379,vga,suspect2vec,solver,0.5,50,1E+12,,,0.850996317,0.839442313,0.829793662,0.916956059,0.251095836,0.940786923,0.858789022,0.844144144,0.934013852,0.179567908
380,wb_dma,date,solver,0.5,50,1E+12,,,0.830240879,0.737221123,0.771407542,0.867090909,0.212462595,0.877697842,0.715909091,0.799154334,0.890290671,0.168246445
381,wb_dma,naive,solver,0.5,50,1E+12,,,0.671222323,0.664896618,0.566054866,0.811351368,1.395466333,0.780104712,0.729411765,0.568421053,0.854850179,0.682051282
382,wb_dma,random,solver,0.5,50,1E+12,,,0.541842748,0.486614496,0.427471713,0.641085889,1.395466333,0.54787234,0.529411765,0.439628483,0.621187595,0.682051282
383,wb_dma,suspect2vec,solver,0.5,50,1E+12,,,0.801142873,0.839428047,0.796453019,0.903210543,0.606279503,0.863874346,0.822727273,0.821428571,0.91442446,0.113402062
384,ethernet,date,solver,0.6,,1E+12,,,0.800353447,0.93240356,0.847814199,0.960904166,0.290712478,0.845297858,0.972787856,0.902347332,0.992605364,0.159173127
385,ethernet,naive,solver,0.6,,1E+12,,,0.654371585,0.629622666,0.553373305,0.816450419,1.237444948,0.655737705,0.652777778,0.594948911,0.795589486,0.476045296
386,ethernet,random,solver,0.6,,1E+12,,,0.601530055,0.57144254,0.500505144,0.693094064,1.237444948,0.62295082,0.608108108,0.538461538,0.688352794,0.476045296
387,ethernet,suspect2vec,solver,0.6,,1E+12,,,0.940657605,0.956977714,0.940638628,0.976834997,0.268813598,0.986666667,1,0.983730159,0.999860543,0.02739726
388,fdct,date,solver,0.6,,1E+12,,,0.818408951,0.906869984,0.854808543,0.943213036,0.167162387,0.848484848,0.913258487,0.862175765,0.96247566,0.123379352
389,fdct,naive,solver,0.6,,1E+12,,,0.768407428,0.712975437,0.669452972,0.908467937,0.606477958,0.84375,0.754734577,0.59773056,0.911988843,0.488372093
390,fdct,random,solver,0.6,,1E+12,,,0.650607639,0.55387117,0.540487251,0.687353271,0.606477958,0.622271825,0.60947575,0.53164557,0.687662107,0.488372093
391,fdct,suspect2vec,solver,0.6,,1E+12,,,0.969569887,0.882023925,0.919371132,0.948216952,0.119721243,1,0.922459893,0.919136879,0.976966799,0.081717011
392,mips789,date,solver,0.6,,1E+12,,,0.880592634,0.831412049,0.851038225,0.932940442,0.128802969,0.909090909,0.823529412,0.870967742,0.947396962,0.113712375
393,mips789,naive,solver,0.6,,1E+12,,,0.73650674,0.688973052,0.653440725,0.860337517,0.761410877,0.780748663,0.712041885,0.721115538,0.86685202,0.384353741
394,mips789,random,solver,0.6,,1E+12,,,0.658778176,0.588004653,0.569412945,0.72638109,0.761410877,0.620320856,0.618705036,0.601626016,0.716859433,0.384353741
395,mips789,suspect2vec,solver,0.6,,1E+12,,,0.889014282,0.875171914,0.869821183,0.953903517,0.243457907,0.968531469,0.887096774,0.887445887,0.969609655,0.12295082
396,sudoku_check,date,solver,0.6,,1E+12,,,0.733366295,0.894716208,0.79239331,0.939860168,0.349456965,0.720930233,1,0.794117647,0.990950226,0.336283186
397,sudoku_check,naive,solver,0.6,,1E+12,,,0.678752244,0.651254184,0.588985298,0.822477737,0.72427703,0.813953488,0.639344262,0.595238095,0.839793979,0.713333333
398,sudoku_check,random,solver,0.6,,1E+12,,,0.628774981,0.574123406,0.532186036,0.673453088,0.72427703,0.681818182,0.612903226,0.49382716,0.663285534,0.713333333
399,sudoku_check,suspect2vec,solver,0.6,,1E+12,,,0.938719441,0.907031873,0.915454495,0.953210765,0.115702587,1,1,0.977099237,1,0.019607843
400,vga,date,solver,0.6,,1E+12,,,0.810713401,0.858898694,0.823891038,0.923837306,0.211649206,0.866314418,0.877523099,0.837072112,0.939330372,0.166666667
401,vga,naive,solver,0.6,,1E+12,,,0.694449141,0.631414931,0.575272661,0.815318177,0.901470202,0.762332112,0.668949772,0.59114735,0.837372102,0.568965517
402,vga,random,solver,0.6,,1E+12,,,0.632950596,0.546626225,0.508043221,0.698722138,0.901470202,0.613369963,0.606308992,0.534983766,0.678451288,0.568965517
403,vga,suspect2vec,solver,0.6,,1E+12,,,0.840646999,0.890064594,0.849284546,0.939251664,0.262053949,0.941576087,0.902054795,0.868486074,0.953927753,0.161909573
404,wb_dma,date,solver,0.6,,1E+12,,,0.818549093,0.803126108,0.802518469,0.896702084,0.180189235,0.857142857,0.781818182,0.838445808,0.915066611,0.116504854
405,wb_dma,naive,solver,0.6,,1E+12,,,0.685256058,0.690465441,0.58156144,0.849342623,1.395466333,0.806282723,0.737113402,0.568421053,0.87681312,0.682051282
406,wb_dma,random,solver,0.6,,1E+12,,,0.591477365,0.557723838,0.479443861,0.719056208,1.395466333,0.638297872,0.622222222,0.482490272,0.700272639,0.682051282
407,wb_dma,suspect2vec,solver,0.6,,1E+12,,,0.806746243,0.882943252,0.817423087,0.927688359,0.747759966,0.87406015,0.854545455,0.85915493,0.933255006,0.090909091
408,ethernet,date,solver,0.7,,1E+12,,,0.790170817,0.960124942,0.855081345,0.972303115,0.31206902,0.848898467,1,0.912061794,0.997859179,0.175675676
409,ethernet,naive,solver,0.7,,1E+12,,,0.683592896,0.679949693,0.5869779,0.869255925,1.237444948,0.754098361,0.747093023,0.637182146,0.849114028,0.476045296
410,ethernet,random,solver,0.7,,1E+12,,,0.651564208,0.640694193,0.553134774,0.77822816,1.237444948,0.71079235,0.71009887,0.60325881,0.77543828,0.476045296
411,ethernet,suspect2vec,solver,0.7,,1E+12,,,0.943731054,0.974038025,0.950972332,0.9842897,0.258830744,1,1,0.98702952,0.999919159,0.01622807
412,fdct,date,solver,0.7,,1E+12,,,0.811595764,0.939582285,0.866038648,0.959757123,0.191595771,0.838235294,0.953488372,0.884547794,0.978529584,0.122845417
413,fdct,naive,solver,0.7,,1E+12,,,0.782637339,0.729993858,0.684615975,0.932005415,0.606477958,0.874007937,0.767867272,0.654945868,0.934862021,0.488372093
414,fdct,random,solver,0.7,,1E+12,,,0.711123512,0.627379384,0.603238553,0.775270433,0.606477958,0.708705357,0.709196617,0.579439252,0.774589642,0.488372093
415,fdct,suspect2vec,solver,0.7,,1E+12,,,0.966624129,0.931940019,0.946293768,0.964303317,0.08095075,1,0.951320457,0.951631702,0.991208664,0.065079365
416,mips789,date,solver,0.7,,1E+12,,,0.849636537,0.909008727,0.875118308,0.953680354,0.116597336,0.874193548,0.92,0.891566265,0.968300375,0.089285714
417,mips789,naive,solver,0.7,,1E+12,,,0.76156735,0.721704925,0.679800242,0.897725252,0.761410877,0.817679558,0.769633508,0.750733138,0.903231944,0.384353741
418,mips789,random,solver,0.7,,1E+12,,,0.710781533,0.653227118,0.623798832,0.800934609,0.761410877,0.708108108,0.711111111,0.685393258,0.796262955,0.384353741
419,mips789,suspect2vec,solver,0.7,,1E+12,,,0.892441482,0.931240625,0.901455638,0.970896568,0.206312369,0.961538462,0.948275862,0.928067701,0.989059126,0.074712644
420,sudoku_check,date,solver,0.7,,1E+12,,,0.732149286,0.929254723,0.808655701,0.958065299,0.365254409,0.734939759,0.983870968,0.8125,0.990950226,0.3
421,sudoku_check,naive,solver,0.7,,1E+12,,,0.710051857,0.69088819,0.622232729,0.86746794,0.72427703,0.860465116,0.704918033,0.611111111,0.882346919,0.713333333
422,sudoku_check,random,solver,0.7,,1E+12,,,0.682459213,0.642091686,0.588339709,0.759364592,0.72427703,0.795454545,0.703703704,0.538461538,0.755053093,0.713333333
423,sudoku_check,suspect2vec,solver,0.7,,1E+12,,,0.945591448,0.938948072,0.936661966,0.970057365,0.101775555,1,1,0.983333333,1,0.027027027
424,vga,date,solver,0.7,,1E+12,,,0.790974691,0.91628131,0.83951031,0.945083756,0.247266056,0.816496599,0.923076923,0.862059925,0.959505532,0.115260037
425,vga,naive,solver,0.7,,1E+12,,,0.718209355,0.670734193,0.602878276,0.867004901,0.901470202,0.827777778,0.739685792,0.627972466,0.878908786,0.568965517
426,vga,random,solver,0.7,,1E+12,,,0.679010519,0.612341604,0.558516408,0.783008537,0.901470202,0.701709402,0.702999703,0.580048571,0.775005543,0.568965517
427,vga,suspect2vec,solver,0.7,,1E+12,,,0.847102804,0.927573968,0.871096652,0.956433352,0.258926137,0.941965221,0.932420091,0.904397687,0.966397972,0.125435016
428,wb_dma,date,solver,0.7,,1E+12,,,0.799378932,0.872441276,0.825312279,0.926314632,0.202819717,0.841121495,0.860465116,0.854271357,0.934536586,0.097156398
429,wb_dma,naive,solver,0.7,,1E+12,,,0.697896017,0.713716036,0.595813136,0.887991079,1.395466333,0.837696335,0.8,0.585034014,0.90949893,0.682051282
430,wb_dma,random,solver,0.7,,1E+12,,,0.638367852,0.62040709,0.528413735,0.792347307,1.395466333,0.734042553,0.706422018,0.510067114,0.779363731,0.682051282
431,wb_dma,suspect2vec,solver,0.7,,1E+12,,,0.803858602,0.913248338,0.829513198,0.944684422,0.832994004,0.886363636,0.909090909,0.881188119,0.947951147,0.080479452
432,ethernet,date,solver,0.8,,1E+12,,,0.767033382,0.977264915,0.847038536,0.981701461,0.370467075,0.840909091,1,0.909090909,0.998548988,0.18761785
433,ethernet,naive,solver,0.8,,1E+12,,,0.706868169,0.719706553,0.613748047,0.913588224,1.237444948,0.826639344,0.810810811,0.693522267,0.904012649,0.476045296
434,ethernet,random,solver,0.8,,1E+12,,,0.696786202,0.704966604,0.601869308,0.857405969,1.237444948,0.809972678,0.808219178,0.660067873,0.853389253,0.476045296
435,ethernet,suspect2vec,solver,0.8,,1E+12,,,0.945550822,0.983672413,0.957290201,0.989266103,0.250336165,1,1,0.992371265,1,0.013701201
436,fdct,date,solver,0.8,,1E+12,,,0.792331308,0.964424251,0.865732475,0.97442189,0.239399786,0.808556842,0.981076389,0.869159903,0.984202697,0.169294442
437,fdct,naive,solver,0.8,,1E+12,,,0.796355717,0.747628862,0.699684484,0.957332413,0.606477958,0.921378968,0.837209302,0.702785232,0.964108846,0.488372093
438,fdct,random,solver,0.8,,1E+12,,,0.753797743,0.684115462,0.650225499,0.853059068,0.606477958,0.811135913,0.8,0.657378033,0.853063435,0.488372093
439,fdct,suspect2vec,solver,0.8,,1E+12,,,0.962771385,0.955159534,0.957189849,0.980211247,0.063382576,1,0.956473916,0.963329602,0.994630998,0.050847458
440,mips789,date,solver,0.8,,1E+12,,,0.830821093,0.947739324,0.882496673,0.970732467,0.163591252,0.852459016,0.954545455,0.895522388,0.981343929,0.105882353
441,mips789,naive,solver,0.8,,1E+12,,,0.785406366,0.75346797,0.705820357,0.934377867,0.761410877,0.878453039,0.844827586,0.762105263,0.940372938,0.384353741
442,mips789,random,solver,0.8,,1E+12,,,0.751959294,0.708964636,0.66885271,0.870069982,0.761410877,0.8,0.804469274,0.727272727,0.864602234,0.384353741
443,mips789,suspect2vec,solver,0.8,,1E+12,,,0.89324668,0.960761247,0.916761221,0.980944579,0.196316993,0.967741935,0.978647687,0.944532488,0.992467564,0.045296167
444,sudoku_check,date,solver,0.8,,1E+12,,,0.719709492,0.954639057,0.812821044,0.972456871,0.39612773,0.702702703,1,0.8125,0.992987607,0.387096774
445,sudoku_check,naive,solver,0.8,,1E+12,,,0.730381746,0.723176118,0.646581122,0.913325646,0.72427703,0.953488372,0.807692308,0.632911392,0.915190606,0.713333333
446,sudoku_check,random,solver,0.8,,1E+12,,,0.715652,0.696709462,0.628342755,0.844033474,0.72427703,0.909090909,0.803921569,0.632911392,0.838093583,0.713333333
447,sudoku_check,suspect2vec,solver,0.8,,1E+12,,,0.937583704,0.970491874,0.948325581,0.981971342,0.103012102,1,1,1,1,0
448,vga,date,solver,0.8,,1E+12,,,0.774415616,0.947797234,0.844066548,0.961435876,0.289658604,0.815340909,0.957314649,0.871043879,0.973878687,0.179021268
449,vga,naive,solver,0.8,,1E+12,,,0.739823424,0.708382799,0.628692344,0.915814557,0.901470202,0.911477411,0.815661816,0.667150226,0.921654531,0.568965517
450,vga,random,solver,0.8,,1E+12,,,0.714431295,0.665522141,0.598340892,0.855268029,0.901470202,0.812210012,0.8,0.630872483,0.848108726,0.568965517
451,vga,suspect2vec,solver,0.8,,1E+12,,,0.848336263,0.952530739,0.88491,0.9696397,0.247695103,0.92689778,0.968820862,0.936639908,0.980977436,0.098122127
452,wb_dma,date,solver,0.8,,1E+12,,,0.788908908,0.927497388,0.84423059,0.952792,0.249546444,0.814634146,0.933333333,0.871428571,0.956906466,0.120218579
453,wb_dma,naive,solver,0.8,,1E+12,,,0.709796063,0.736698649,0.609969215,0.92733332,1.395466333,0.892473118,0.855670103,0.610837438,0.934407803,0.682051282
454,wb_dma,random,solver,0.8,,1E+12,,,0.676924339,0.681389543,0.571621238,0.865125491,1.395466333,0.808510638,0.804020101,0.578231293,0.856973518,0.682051282
455,wb_dma,suspect2vec,solver,0.8,,1E+12,,,0.805565183,0.941159679,0.843429845,0.960856286,0.845970442,0.887205387,0.95,0.904109589,0.96412012,0.085106383
456,ethernet,date,solver,0.9,,1E+12,,,0.746347316,0.991240453,0.840447523,0.992394821,0.415569682,0.820842625,1,0.899044486,0.99991762,0.216666667
457,ethernet,naive,solver,0.9,,1E+12,,,0.730498634,0.764461981,0.641641726,0.961661117,1.237444948,0.909153005,0.900819672,0.701754386,0.96809824,0.476045296
458,ethernet,random,solver,0.9,,1E+12,,,0.727219945,0.758625992,0.637541215,0.936709669,1.237444948,0.900956284,0.9,0.699714402,0.931564027,0.476045296
459,ethernet,suspect2vec,solver,0.9,,1E+12,,,0.946860194,0.99239518,0.962469674,0.994734708,0.246238854,1,1,0.993850999,1,0.012312312
460,fdct,date,solver,0.9,,1E+12,,,0.781052142,0.992068677,0.870600332,0.993110513,0.2904862,0.788375414,1,0.875283447,0.996569733,0.242222222
461,fdct,naive,solver,0.9,,1E+12,,,0.808082217,0.766341851,0.713617924,0.983773706,0.606477958,0.929315476,0.906976744,0.730822615,0.990848228,0.488372093
462,fdct,random,solver,0.9,,1E+12,,,0.79000031,0.738071464,0.692236362,0.934590885,0.606477958,0.90562996,0.905505952,0.738317757,0.93362627,0.488372093
463,fdct,suspect2vec,solver,0.9,,1E+12,,,0.959964119,0.984241173,0.970690937,0.994185507,0.050310857,1,0.98742929,0.98265838,0.997711637,0.025779967
464,mips789,date,solver,0.9,,1E+12,,,0.810317755,0.976220315,0.882576543,0.985281957,0.225261965,0.823529412,0.98013245,0.893617021,0.989140856,0.165876777
465,mips789,naive,solver,0.9,,1E+12,,,0.806700617,0.783675083,0.729410491,0.969033182,0.761410877,0.940540541,0.912751678,0.773504274,0.971855836,0.384353741
466,mips789,random,solver,0.9,,1E+12,,,0.792205422,0.764013404,0.71319049,0.937150205,0.761410877,0.897297297,0.902173913,0.762105263,0.936705312,0.384353741
467,mips789,suspect2vec,solver,0.9,,1E+12,,,0.892631042,0.980135279,0.925430107,0.990633537,0.192299817,0.963190184,0.988826816,0.961574508,0.995787748,0.038135593
468,sudoku_check,date,solver,0.9,,1E+12,,,0.70910968,0.977948281,0.81531659,0.986560619,0.432891946,0.666666667,1,0.8,0.996671961,0.459459459
469,sudoku_check,naive,solver,0.9,,1E+12,,,0.747924528,0.754343716,0.668810533,0.957426944,0.72427703,1,0.88,0.691358025,0.957857143,0.713333333
470,sudoku_check,random,solver,0.9,,1E+12,,,0.743396226,0.745467298,0.6628701,0.928014005,0.72427703,1,0.88,0.683544304,0.929146536,0.713333333
471,sudoku_check,suspect2vec,solver,0.9,,1E+12,,,0.928025674,0.983282748,0.94904209,0.990721066,0.115301315,1,1,0.991735537,1,0
472,vga,date,solver,0.9,,1E+12,,,0.770994937,0.976731404,0.853237124,0.98366404,0.325453343,0.820516499,0.981628293,0.885257673,0.988218114,0.171272241
473,vga,naive,solver,0.9,,1E+12,,,0.755062459,0.737131615,0.647532142,0.958962101,0.901470202,0.955799756,0.904757497,0.674242424,0.965305631,0.568965517
474,vga,random,solver,0.9,,1E+12,,,0.74532967,0.719627009,0.63567771,0.93383856,0.901470202,0.900610501,0.9,0.660058027,0.93222138,0.568965517
475,vga,suspect2vec,solver,0.9,,1E+12,,,0.841294412,0.977798935,0.892593102,0.985905546,0.260692219,0.90956758,0.984311554,0.934319387,0.989350533,0.074976846
476,wb_dma,date,solver,0.9,,1E+12,,,0.787729186,0.967707078,0.859652036,0.979784885,0.296249897,0.825471698,0.969387755,0.886792453,0.98041689,0.170103093
477,wb_dma,naive,solver,0.9,,1E+12,,,0.721922879,0.762717878,0.625060896,0.967479135,1.395466333,0.946236559,0.918918919,0.650519031,0.968712983,0.682051282
478,wb_dma,random,solver,0.9,,1E+12,,,0.707245501,0.736757424,0.607255093,0.935972209,1.395466333,0.909574468,0.901639344,0.615916955,0.929958938,0.682051282
479,wb_dma,suspect2vec,solver,0.9,,1E+12,,,0.804450899,0.971997312,0.855469243,0.982126593,0.863160598,0.888268156,0.98108747,0.927613941,0.984395501,0.102040816
